config_case_key;config_case_label;input_hot_variation_C;input_m6_kg_s;input_outer_variation_label;input_outer_variation_mode;input_outer_variation_value;input_ua_scale_factor;input_ua_scale_percent;primary_beta;heat_Q_abs_kW;heat_Q_cond_kW;heat_Q_des_kW;heat_Q_evap_kW;kpi_COP;kpi_FR;state_21_m_kg_s;state_7_m_kg_s;n_feasible_physical_points;optimum_at_any_m6_boundary;optimum_at_lower_m6_boundary;optimum_at_upper_m6_boundary
parallel;Parallel (T13 = T15);100.0;0.5300000000000001;Abwärmetemperatur [°C];hot_temperature_C;100.0;nan;nan;0.11541541972979905;96.09687647454027;95.65630217885014;96.3332978659472;95.39857176833675;0.5012045032358929;13.784670220141411;0.03401095710350603;0.03844850776521247;71;False;False;False
series_desorber_to_evaporator;Serie Desorber → Verdampfer;100.0;0.5900000000000002;Abwärmetemperatur [°C];hot_temperature_C;100.0;nan;nan;0.12254588486911466;95.92953133473645;95.92511096126634;96.34750120088333;95.48490697342534;0.5000694733893452;15.318866502002924;0.03379479335886465;0.038514598970025515;71;False;False;False
series_evaporator_to_desorber;Serie Verdampfer → Desorber;100.0;0.5600000000000002;Abwärmetemperatur [°C];hot_temperature_C;100.0;nan;nan;0.1207514727129339;95.63043873486234;96.3495899423637;95.65317232151344;96.30258210700656;0.49819000748150516;14.441672182398621;0.0340943326411234;0.03877667301453658;71;False;False;False
parallel;Parallel (T13 = T15);105.0;0.5600000000000002;Abwärmetemperatur [°C];hot_temperature_C;105.0;nan;nan;0.111765567907466;118.97932805200833;117.95723987878321;119.29470920950126;117.61661965635737;0.5022103781257987;11.7758411464866;0.042239978935196924;0.04755498932380553;71;False;False;False
series_desorber_to_evaporator;Serie Desorber → Verdampfer;105.0;0.6300000000000002;Abwärmetemperatur [°C];hot_temperature_C;105.0;nan;nan;0.11864432995227733;118.92663306501854;118.28720645813688;119.5236267748688;117.66401537762444;0.5014031590590118;13.22912911647849;0.041972080493071086;0.047622182416774406;71;False;False;False
series_evaporator_to_desorber;Serie Verdampfer → Desorber;105.0;0.5900000000000002;Abwärmetemperatur [°C];hot_temperature_C;105.0;nan;nan;0.11632942921785801;118.45828608517797;118.92657397896485;118.4528457183572;118.90287729613961;0.49907490993146597;12.286059706904688;0.04243554477180831;0.04802190564550357;71;False;False;False
parallel;Parallel (T13 = T15);110.0;0.5900000000000002;Abwärmetemperatur [°C];hot_temperature_C;110.0;nan;nan;0.1094649712860478;141.89149831285062;140.32451971725118;142.3030744116482;139.883249631984;0.5028291104954862;10.397997500301432;0.05053046674862159;0.05674169473332691;71;False;False;False
series_desorber_to_evaporator;Serie Desorber → Verdampfer;110.0;0.6700000000000003;Abwärmetemperatur [°C];hot_temperature_C;110.0;nan;nan;0.11625355106848292;141.9853997540879;140.711418647503;142.80094386266214;139.86524358977582;0.502307690331652;11.795225550314356;0.050199135087190955;0.0568026441836158;71;False;False;False
series_evaporator_to_desorber;Serie Verdampfer → Desorber;110.0;0.6200000000000002;Abwärmetemperatur [°C];hot_temperature_C;110.0;nan;nan;0.11349237308625837;141.30353848512422;141.61996075945802;141.26705000643642;141.62171660958163;0.49950211942110806;10.806199591345507;0.05086290735613589;0.0573744723812567;71;False;False;False
parallel;Parallel (T13 = T15);115.0;0.6100000000000002;Abwärmetemperatur [°C];hot_temperature_C;115.0;nan;nan;0.1071547442394328;164.82092945072233;162.60330992203492;165.33403425320293;162.05594821165673;0.5034391346058164;9.249502681585085;0.0588826907524732;0.0659494916645037;71;False;False;False
series_desorber_to_evaporator;Serie Desorber → Verdampfer;115.0;0.7000000000000003;Abwärmetemperatur [°C];hot_temperature_C;115.0;nan;nan;0.11388357069261155;165.08899059150735;163.0250388046149;166.15125312688224;161.9276257495557;0.5031990817479101;10.60785662394958;0.05847378245240887;0.06598882552952268;71;False;False;False
series_evaporator_to_desorber;Serie Verdampfer → Desorber;115.0;0.6500000000000002;Abwärmetemperatur [°C];hot_temperature_C;115.0;nan;nan;0.1115748693955848;164.14914402367174;164.41101007571874;164.08237039598384;164.43664064669647;0.4996640635885329;9.726539708222584;0.059371200058401595;0.06682746583047472;71;False;False;False
parallel;Parallel (T13 = T15);120.0;0.6300000000000002;Abwärmetemperatur [°C];hot_temperature_C;120.0;nan;nan;0.10549290836307508;187.7601741040995;184.9218925682325;188.39196602171384;184.25073934086254;0.5038611286417409;8.374481634638675;0.06729245967897776;0.0752285368200204;71;False;False;False
series_desorber_to_evaporator;Serie Desorber → Verdampfer;120.0;0.7300000000000003;Abwärmetemperatur [°C];hot_temperature_C;120.0;nan;nan;0.11224724848551873;188.2270601090308;185.36696536946525;189.5755085248293;183.97836657622034;0.503881963634064;9.702896378824201;0.06679031531449824;0.0752352670273968;71;False;False;False
series_evaporator_to_desorber;Serie Verdampfer → Desorber;120.0;0.6700000000000003;Abwärmetemperatur [°C];hot_temperature_C;120.0;nan;nan;0.10938544152554905;186.98706967833996;187.1188220931373;186.8775188141993;187.1805058495628;0.49988787126387996;8.779816704011324;0.06796403322466363;0.07631138810607407;71;False;False;False
parallel;Parallel (T13 = T15);125.0;0.6500000000000002;Abwärmetemperatur [°C];hot_temperature_C;125.0;nan;nan;0.10426354788807085;210.7038016487283;207.2742371552248;211.47353561043363;206.4594483235228;0.5041569097164742;7.6853141457997936;0.07575860697782354;0.08457689401743462;71;False;False;False
series_desorber_to_evaporator;Serie Desorber → Verdampfer;125.0;0.7600000000000003;Abwärmetemperatur [°C];hot_temperature_C;125.0;nan;nan;0.11110550148802728;211.3919962438241;207.72927163237918;213.06788213956344;206.00772051316594;0.5044244878626254;8.989928263819536;0.07514629694965726;0.08453905055712874;71;False;False;False
series_evaporator_to_desorber;Serie Verdampfer → Desorber;125.0;0.6900000000000003;Abwärmetemperatur [°C];hot_temperature_C;125.0;nan;nan;0.10771450413471645;209.80918470858904;209.89802910565706;209.65866329540418;209.9930889906095;0.4999602255100167;8.033766690302137;0.0766361553529122;0.08588748299510929;71;False;False;False
parallel;Parallel (T13 = T15);130.0;0.6700000000000003;Abwärmetemperatur [°C];hot_temperature_C;130.0;nan;nan;0.1033377951553487;233.6469698809139;229.65574191841293;234.57585735938298;228.6754664848634;0.5043633074634674;7.1281708118371885;0.08428020218711313;0.09399325825461202;71;False;False;False
series_desorber_to_evaporator;Serie Desorber → Verdampfer;130.0;0.7900000000000004;Abwärmetemperatur [°C];hot_temperature_C;130.0;nan;nan;0.11031363876034381;234.57760189931753;230.10601802216036;236.6237567424301;228.00813228695577;0.5048676327174814;8.41337427658749;0.08353987380963271;0.0938981167399614;71;False;False;False
series_evaporator_to_desorber;Serie Verdampfer → Desorber;130.0;0.7100000000000003;Abwärmetemperatur [°C];hot_temperature_C;130.0;nan;nan;0.10640644038917134;232.61068068216417;232.74321664154942;232.42378273077114;232.86610310673214;0.4999263636764298;7.430316431293204;0.0853868651746324;0.09555447692776509;71;False;False;False
parallel;Parallel (T13 = T15);135.0;0.6800000000000003;Abwärmetemperatur [°C];hot_temperature_C;135.0;nan;nan;0.10208580748139881;256.5892251796569;251.9217530191822;257.6734821912527;250.77974974915688;0.5046466598322834;6.574757564145056;0.09286755366348563;0.10342586678911614;71;False;False;False
series_desorber_to_evaporator;Serie Desorber → Verdampfer;135.0;0.8100000000000004;Abwärmetemperatur [°C];hot_temperature_C;135.0;nan;nan;0.10919521889593181;257.77958093388986;252.33756930884599;260.2159907055772;249.8433428314149;0.5053913613271708;7.844826705842537;0.09197805123686294;0.10325275884000629;71;False;False;False
series_evaporator_to_desorber;Serie Verdampfer → Desorber;135.0;0.7200000000000003;Abwärmetemperatur [°C];hot_temperature_C;135.0;nan;nan;0.10468814298542314;255.3894269350845;255.47308489513526;255.14779926447227;255.6419025544503;0.49998938119864694;6.841209036837375;0.09422669788036461;0.10524455489125784;71;False;False;False
parallel;Parallel (T13 = T15);140.0;0.6900000000000003;Abwärmetemperatur [°C];hot_temperature_C;140.0;nan;nan;0.10107034663385223;279.52449846216655;274.20981834472985;280.78220297890397;272.88737878386945;0.5048579652366243;6.1101603837488385;0.1015131227115328;0.1129266593124445;71;False;False;False
series_desorber_to_evaporator;Serie Desorber → Verdampfer;140.0;0.8400000000000004;Abwärmetemperatur [°C];hot_temperature_C;140.0;nan;nan;0.10889434580876221;280.9947389609038;274.73187638263676;283.8887943342048;271.7727668475563;0.5056940385858153;7.452123727970843;0.10044502437756207;0.11271954555010133;71;False;False;False
series_evaporator_to_desorber;Serie Verdampfer → Desorber;140.0;0.7400000000000003;Abwärmetemperatur [°C];hot_temperature_C;140.0;nan;nan;0.1038783341594627;278.14094320548855;278.4372839839108;277.87718835440717;278.61757076006916;0.499808737908118;6.429657731767372;0.10313613265067502;0.11509166286470285;71;False;False;False
